,mixture,mixture_dist,area,area_dist,dist,k_3,k_5,k_10
Moran I Over All Days and Times,0.338645405412,0.328701075491,0.0690783946621,0.0732567378357,-0.00230614892139,0.0471829003565,0.0354575747325,0.0162952826805
Significant One Sided P Value Percentage Average Over All Days And Times,99.8931944444,99.6795833333,91.5718055556,91.47375,4.80444444444,14.0109722222,13.2509722222,10.0581944444
Significant Two Sided P Value Percentage Average Over All Days And Times,99.7863888889,99.4659722222,90.15625,89.5669444444,3.48680555556,10.1529166667,8.90944444444,6.12527777778
