,mixture,mixture_dist,area,area_dist,dist,k_3,k_5,k_10
Moran I Over All Days and Times,0.308227125924,0.306687120768,0.0354435759934,0.0477187272971,0.00027751007946,0.187093688724,0.182290099591,0.163513752116
Significant One Sided P Value Percentage Average Over All Days And Times,99.8931944444,99.6795833333,69.0915277778,86.9897222222,60.3125,89.0613888889,95.4779166667,96.9098611111
Significant Two Sided P Value Percentage Average Over All Days And Times,99.8931944444,99.6795833333,68.0838888889,85.3231944444,55.1047222222,84.8618055556,93.3322222222,96.0105555556
