,mixture,mixture_dist,area,area_dist,dist,k_3,k_5,k_10
Moran I Over All Days and Times,0.258447993624,0.254659317889,0.0094816611929,0.019822646056,-0.000935093152971,0.155862181334,0.146743616213,0.130813200156
Significant One Sided P Value Percentage Average Over All Days And Times,99.7472222222,99.8104166667,44.7101388889,74.0231944444,36.4366666667,75.0127777778,86.0570833333,93.9051388889
Significant Two Sided P Value Percentage Average Over All Days And Times,99.7472222222,99.7472222222,42.5040277778,69.6829166667,31.9281944444,66.8593055556,81.58125,91.3401388889
