,mixture,mixture_dist,area,area_dist,dist,k_3,k_5,k_10
Moran I Over All Days and Times,0.240292394565,0.235873418785,0.0144312795665,0.0219802004023,-0.00109498362201,0.135516449412,0.130847512556,0.117469260995
Significant One Sided P Value Percentage Average Over All Days And Times,99.3579166667,99.3579166667,55.0029166667,70.0616666667,35.5040277778,63.9655555556,78.7423611111,89.2691666667
Significant Two Sided P Value Percentage Average Over All Days And Times,99.3579166667,99.1443055556,53.0925,66.3059722222,31.3370833333,57.38375,73.8686111111,85.5079166667
