,mixture,mixture_dist,area,area_dist,dist,k_3,k_5,k_10
Moran I Over All Days and Times,0.314999116047,0.314317455765,0.0330583320693,0.0474906809571,0.000681523859667,0.186023483048,0.173012212185,0.162742439364
Significant One Sided P Value Percentage Average Over All Days And Times,99.8931944444,99.8931944444,66.2255555556,86.0890277778,60.9161111111,88.11875,93.5463888889,98.1486111111
Significant Two Sided P Value Percentage Average Over All Days And Times,99.8931944444,99.8931944444,64.9851388889,84.0945833333,56.4375,85.005,91.3948611111,96.6768055556
