,mixture,mixture_dist,area,area_dist,dist,k_3,k_5,k_10
Moran I Over All Days and Times,,,,,,,,
Significant One Sided P Value Percentage Average Over All Days And Times,99.7686111111,99.7686111111,89.8419444444,90.4948611111,20.2033333333,30.6779166667,22.2769444444,18.4640277778
Significant Two Sided P Value Percentage Average Over All Days And Times,99.7686111111,99.7686111111,89.1919444444,88.6504166667,16.9191666667,21.8304166667,15.5130555556,13.7468055556
