,mixture,mixture_dist,area,area_dist,dist,k_3,k_5,k_10
Moran I Over All Days and Times,,,,,,,,
Significant One Sided P Value Percentage Average Over All Days And Times,99.8930555556,99.8930555556,68.4844444444,89.1575,49.6345833333,94.3695833333,97.6148611111,99.2555555556
Significant Two Sided P Value Percentage Average Over All Days And Times,99.8930555556,99.8930555556,67.5180555556,87.4447222222,45.4168055556,91.6786111111,96.56625,98.7180555556
