,mixture,mixture_dist,area,area_dist,dist,k_3,k_5,k_10
Moran I Over All Days and Times,,,,,,,,
Significant One Sided P Value Percentage Average Over All Days And Times,99.7686111111,99.7686111111,66.4109722222,87.5529166667,49.4719444444,92.4902777778,96.7766666667,99.0106944444
Significant Two Sided P Value Percentage Average Over All Days And Times,99.7686111111,99.7686111111,65.5625,85.2011111111,44.7277777778,89.4036111111,95.2629166667,98.4766666667
